nom,secteur,description,site_web,ville,taille,email_contact_generique,page_recrutement,source_url,date_collecte,statut_prospection,notes
YT SuccessLab,,,,,,,,https://pfebooks.com/catalogue/2026/yt-successlab/,2026-10-01,a_contacter,enrichissement=no_website
Future Visions,,,,,,,,https://pfebooks.com/catalogue/2026/future-visions/,2026-10-01,a_contacter,enrichissement=no_website
G.H.Y Technologies inc,,,,,,,,https://pfebooks.com/catalogue/2026/g-h-y-technologies-inc/,2026-10-01,a_contacter,enrichissement=no_website
HAMELIN,,,,,,,,https://pfebooks.com/catalogue/2026/hamelin/,2026-10-01,a_contacter,enrichissement=no_website
TrendLabs,,,,,,,,https://pfebooks.com/catalogue/2026/trendlabs/,2026-10-01,a_contacter,enrichissement=no_website
DATAHORIZON,,,,,,,,https://pfebooks.com/catalogue/2026/datahorizon/,2026-10-01,a_contacter,enrichissement=no_website
Seafaring IT,,,,,,,,https://pfebooks.com/catalogue/2026/seafaring-it/,2026-10-01,a_contacter,enrichissement=no_website
DE.M.CO,,,,,,,,https://pfebooks.com/catalogue/2026/de-m-co/,2026-10-01,a_contacter,enrichissement=no_website
Nexus Groupe (Part 2),,,,,,,,https://pfebooks.com/catalogue/2026/nexus-groupe-part-2/,2026-10-01,a_contacter,enrichissement=no_website
MYNDS,,,,,,,,https://pfebooks.com/catalogue/2026/mynds/,2026-10-01,a_contacter,enrichissement=no_website
3S Spring (Part 2),,,,,,,,https://pfebooks.com/catalogue/2026/3s-spring-part-2/,2026-10-01,a_contacter,enrichissement=no_website
InnoVibe,,,,,,,,https://pfebooks.com/catalogue/2026/innovibe/,2026-10-01,a_contacter,enrichissement=no_website
BraindCode,,,,,,,,https://pfebooks.com/catalogue/2026/braindcode/,2026-10-01,a_contacter,enrichissement=no_website
AISYSNEXT,,,,,,,,https://pfebooks.com/catalogue/2026/aisysnext/,2026-10-01,a_contacter,enrichissement=no_website
Aegis Connect,,,,,,,,https://pfebooks.com/catalogue/2026/aegis-connect/,2026-10-01,a_contacter,enrichissement=no_website
L’EPI D’OR,,,,,,,,https://pfebooks.com/catalogue/2026/lepi-dor/,2026-10-01,a_contacter,enrichissement=no_website
BE CARTH AI,,,,,,,,https://pfebooks.com/catalogue/2026/be-carth-ai/,2026-10-01,a_contacter,enrichissement=no_website
MENTOR,,,,,,,,https://pfebooks.com/catalogue/2026/mentor/,2026-10-01,a_contacter,enrichissement=no_website
OTOM8 Systems,,,,,,,,https://pfebooks.com/catalogue/2026/otom8-systems/,2026-10-01,a_contacter,enrichissement=no_website
SOTUBI SAIDA,,,,,,,,https://pfebooks.com/catalogue/2026/sotubi-saida/,2026-10-01,a_contacter,enrichissement=no_website
Microzed,,,,,,,,https://pfebooks.com/catalogue/2026/microzed/,2026-10-01,a_contacter,enrichissement=no_website
OpsForAll,,,,,,,,https://pfebooks.com/catalogue/2026/opsforall/,2026-10-01,a_contacter,enrichissement=no_website
DIGISUBS AGENCY,,,,,,,,https://pfebooks.com/catalogue/2026/digisubs-agency/,2026-10-01,a_contacter,enrichissement=no_website
CETA Ingénierie,,,,,,,,https://pfebooks.com/catalogue/2026/ceta-ingenierie/,2026-10-01,a_contacter,enrichissement=no_website
Tekru Technologies,,,,,,,,https://pfebooks.com/catalogue/2026/tekru-technologies/,2026-10-01,a_contacter,enrichissement=no_website
Industry X.0,,,,,,,,https://pfebooks.com/catalogue/2026/industry-x-0/,2026-10-01,a_contacter,enrichissement=no_website
Tunisys,,,,,,,,https://pfebooks.com/catalogue/2026/tunisys/,2026-10-01,a_contacter,enrichissement=no_website
Cure Bionics,,,,,,,,https://pfebooks.com/catalogue/2026/cure-bionics/,2026-10-01,a_contacter,enrichissement=no_website
OTTO Engineering Services,,,,,,,,https://pfebooks.com/catalogue/2026/otto-engineering-services/,2026-10-01,a_contacter,enrichissement=no_website
Anavid,,,,,,,,https://pfebooks.com/catalogue/2026/anavid/,2026-10-01,a_contacter,enrichissement=no_website
Shandong Xinxu Group,,,,,,,,https://pfebooks.com/catalogue/2026/shandong-xinxu-group/,2026-10-01,a_contacter,enrichissement=no_website
SFC Énergie Solaire,,,,,,,,https://pfebooks.com/catalogue/2026/sfc-energie-solaire/,2026-10-01,a_contacter,enrichissement=no_website
Innoway,,,,,,,,https://pfebooks.com/catalogue/2026/innoway/,2026-10-01,a_contacter,enrichissement=no_website
NSE Technologies,,,,,,,,https://pfebooks.com/catalogue/2026/nse-technologies/,2026-10-01,a_contacter,enrichissement=no_website
Ficom,,,,,,,,https://pfebooks.com/catalogue/2026/ficom/,2026-10-01,a_contacter,enrichissement=no_website
YOHATECH,,,,,,,,https://pfebooks.com/catalogue/2026/yohatech/,2026-10-01,a_contacter,enrichissement=no_website
Bontaz,,,,,,,,https://pfebooks.com/catalogue/2026/bontaz/,2026-10-01,a_contacter,enrichissement=no_website
COFICAB,,,,,,,,https://pfebooks.com/catalogue/2026/coficab/,2026-10-01,a_contacter,enrichissement=no_website
ZembraTech,,,,,,,,https://pfebooks.com/catalogue/2026/zembratech/,2026-10-01,a_contacter,enrichissement=no_website
SEBN-TN 2,,,,,,,,https://pfebooks.com/catalogue/2026/sebn-tn-2/,2026-10-01,a_contacter,enrichissement=no_website
K‑Sustainova Consulting,,,,,,,,https://pfebooks.com/catalogue/2026/k-sustainova-consulting/,2026-10-01,a_contacter,enrichissement=no_website
eSteps Health,,,,,,,,https://pfebooks.com/catalogue/2026/esteps-health/,2026-10-01,a_contacter,enrichissement=no_website
ELIXIA,,,,,,,,https://pfebooks.com/catalogue/2026/elixia/,2026-10-01,a_contacter,enrichissement=no_website
Best Time Travel,,,,,,,,https://pfebooks.com/catalogue/2026/best-time-travel/,2026-10-01,a_contacter,enrichissement=no_website
CASCO Automotive,,,,,,,,https://pfebooks.com/catalogue/2026/casco-automotive/,2026-10-01,a_contacter,enrichissement=no_website
Qartis Technologies,,,,,,,,https://pfebooks.com/catalogue/2026/qartis-technologies/,2026-10-01,a_contacter,enrichissement=no_website
H2A GROUP,,,,,,,,https://pfebooks.com/catalogue/2026/h2a-group/,2026-10-01,a_contacter,enrichissement=no_website
Siyadah-AI,,,,,,,,https://pfebooks.com/catalogue/2026/siyadah-ai/,2026-10-01,a_contacter,enrichissement=no_website
MedActis,,,,,,,,https://pfebooks.com/catalogue/2026/medactis/,2026-10-01,a_contacter,enrichissement=no_website
SBM,,,,,,,,https://pfebooks.com/catalogue/2026/sbm/,2026-10-01,a_contacter,enrichissement=no_website
ASSAD,,,,,,,,https://pfebooks.com/catalogue/2026/assad/,2026-10-01,a_contacter,enrichissement=no_website
S MECATRON,,,,,,,,https://pfebooks.com/catalogue/2026/s-mecatron/,2026-10-01,a_contacter,enrichissement=no_website
Brandandcom,,,,,,,,https://pfebooks.com/catalogue/2026/brandandcom/,2026-10-01,a_contacter,enrichissement=no_website
Quicky Prime,,,,,,,,https://pfebooks.com/catalogue/2026/quicky-prime/,2026-10-01,a_contacter,enrichissement=no_website
Miral Development,,,,,,,,https://pfebooks.com/catalogue/2026/miral-development/,2026-10-01,a_contacter,enrichissement=no_website
TPR Aluminium,,,,,,,,https://pfebooks.com/catalogue/2026/tpr-aluminium/,2026-10-01,a_contacter,enrichissement=no_website
KKT,,,,,,,,https://pfebooks.com/catalogue/2026/kkt/,2026-10-01,a_contacter,enrichissement=no_website
Maison du web,,,,,,,,https://pfebooks.com/catalogue/2026/maison-du-web/,2026-10-01,a_contacter,enrichissement=no_website
Falta IT,,,,,,,,https://pfebooks.com/catalogue/2026/falta-it/,2026-10-01,a_contacter,enrichissement=no_website
SM Consulting,,,,,,,,https://pfebooks.com/catalogue/2026/sm-consulting/,2026-10-01,a_contacter,enrichissement=no_website
TerraSens,,,,,,,,https://pfebooks.com/catalogue/2026/terrasens/,2026-10-01,a_contacter,enrichissement=no_website
Lihaf,,,,,,,,https://pfebooks.com/catalogue/2026/lihaf/,2026-10-01,a_contacter,enrichissement=no_website
DigiUp Farm,,,,,,,,https://pfebooks.com/catalogue/2026/digiup-farm/,2026-10-01,a_contacter,enrichissement=no_website
Taraji Store,,,,,,,,https://pfebooks.com/catalogue/2026/taraji-store/,2026-10-01,a_contacter,enrichissement=no_website
SERMA International,,,,,,,,https://pfebooks.com/catalogue/2026/serma-international/,2026-10-01,a_contacter,enrichissement=no_website
Liberrex,,,,,,,,https://pfebooks.com/catalogue/2026/liberrex/,2026-10-01,a_contacter,enrichissement=no_website
NexoraTech,,,,,,,,https://pfebooks.com/catalogue/2026/nexoratech/,2026-10-01,a_contacter,enrichissement=no_website
Attoset,,,,,,,,https://pfebooks.com/catalogue/2026/attoset/,2026-10-01,a_contacter,enrichissement=no_website
Opto,,,,,,,,https://pfebooks.com/catalogue/2026/opto/,2026-10-01,a_contacter,enrichissement=no_website
The Bridge,,,,,,,,https://pfebooks.com/catalogue/2026/the-bridge/,2026-10-01,a_contacter,enrichissement=no_website
GREATLINES,,,,,,,,https://pfebooks.com/catalogue/2026/greatlines/,2026-10-01,a_contacter,enrichissement=no_website
Lyceena Academy,,,,,,,,https://pfebooks.com/catalogue/2026/lyceena-academy/,2026-10-01,a_contacter,enrichissement=no_website
Otravers,,,,,,,,https://pfebooks.com/catalogue/2026/otravers/,2026-10-01,a_contacter,enrichissement=no_website
CodeCommando,,,,,,,,https://pfebooks.com/catalogue/2026/codecommando/,2026-10-01,a_contacter,enrichissement=no_website
IMEDRA SPHERE,,,,,,,,https://pfebooks.com/catalogue/2025/imedra-sphere/,2026-10-01,a_contacter,enrichissement=no_website
Confoline,,,,,,,,https://pfebooks.com/catalogue/2025/confoline/,2026-10-01,a_contacter,enrichissement=no_website
UPTech,,,,,,,,https://pfebooks.com/catalogue/2025/uptech/,2026-10-01,a_contacter,enrichissement=no_website
BeeHive,,,,,,,,https://pfebooks.com/catalogue/2025/beehive/,2026-10-01,a_contacter,enrichissement=no_website
Ici Code Formation,,,,,,,,https://pfebooks.com/catalogue/2025/ici-code-formation/,2026-10-01,a_contacter,enrichissement=no_website
Forvis Mazars,,,,,,,,https://pfebooks.com/catalogue/2025/forvis-mazars/,2026-10-01,a_contacter,enrichissement=no_website
Figeac Aéro,,,,,,,,https://pfebooks.com/catalogue/2025/figeac-aero/,2026-10-01,a_contacter,enrichissement=no_website
Glybette,,,,,,,,https://pfebooks.com/catalogue/2025/glybette/,2026-10-01,a_contacter,enrichissement=no_website
Nexify,,,,,,,,https://pfebooks.com/catalogue/2025/nexify/,2026-10-01,a_contacter,enrichissement=no_website
Elite Tech,,,,,,,,https://pfebooks.com/catalogue/2025/elite-tech/,2026-10-01,a_contacter,enrichissement=no_website
ToCodePro,,,,,,,,https://pfebooks.com/catalogue/2025/tocodepro/,2026-10-01,a_contacter,enrichissement=no_website
CRMN,,,,,,,,https://pfebooks.com/catalogue/2025/crmn/,2026-10-01,a_contacter,enrichissement=no_website
ST2i,,,,,,,,https://pfebooks.com/catalogue/2025/st2i/,2026-10-01,a_contacter,enrichissement=no_website
IT SERV,,,,,,,,https://pfebooks.com/catalogue/2025/it-serv/,2026-10-01,a_contacter,enrichissement=no_website
UGFS,,,,,,,,https://pfebooks.com/catalogue/2025/ugfs/,2026-10-01,a_contacter,enrichissement=no_website
Looyas,,,,,,,,https://pfebooks.com/catalogue/2025/looyas/,2026-10-01,a_contacter,enrichissement=no_website
MASS Analytics,,,,,,,,https://pfebooks.com/catalogue/2025/mass-analytics/,2026-10-01,a_contacter,enrichissement=no_website
ReDX Part 3,,,,,,,,https://pfebooks.com/catalogue/2025/redx-part-3/,2026-10-01,a_contacter,enrichissement=no_website
MICROCRED,,,,,,,,https://pfebooks.com/catalogue/2025/microcred/,2026-10-01,a_contacter,enrichissement=no_website
HopeVisionAI,,,,,,,,https://pfebooks.com/catalogue/2025/hopevisionai/,2026-10-01,a_contacter,enrichissement=no_website
ENOSIS,,,,,,,,https://pfebooks.com/catalogue/2025/enosis/,2026-10-01,a_contacter,enrichissement=no_website
Singleton,,,,,,,,https://pfebooks.com/catalogue/2025/singleton/,2026-10-01,a_contacter,enrichissement=no_website
V3 Factory,,,,,,,,https://pfebooks.com/catalogue/2025/v3-factory/,2026-10-01,a_contacter,enrichissement=no_website
Drivago,,,,,,,,https://pfebooks.com/catalogue/2025/drivago/,2026-10-01,a_contacter,enrichissement=no_website
BIC,,,,,,,,https://pfebooks.com/catalogue/2025/bic/,2026-10-01,a_contacter,enrichissement=no_website
DM NOVA,,,,,,,,https://pfebooks.com/catalogue/2025/dm-nova/,2026-10-01,a_contacter,enrichissement=no_website
Stock Up,,,,,,,,https://pfebooks.com/catalogue/2025/stock-up/,2026-10-01,a_contacter,enrichissement=no_website
HORIZOP ENERGY,,,,,,,,https://pfebooks.com/catalogue/2025/horizop-energy/,2026-10-01,a_contacter,enrichissement=no_website
Digital Friendly Agency,,,,,,,,https://pfebooks.com/catalogue/2025/digital-friendly-agency/,2026-10-01,a_contacter,enrichissement=no_website
Farm Pro,,,,,,,,https://pfebooks.com/catalogue/2025/farm-pro/,2026-10-01,a_contacter,enrichissement=no_website
PGS (Part 2),,,,,,,,https://pfebooks.com/catalogue/2025/pgs-part-2/,2026-10-01,a_contacter,enrichissement=no_website
Timsoft,,,,,,,,https://pfebooks.com/catalogue/2025/timsoft/,2026-10-01,a_contacter,enrichissement=no_website
Samkraft,,,,,,,,https://pfebooks.com/catalogue/2025/samkraft/,2026-10-01,a_contacter,enrichissement=no_website
BKFood,,,,,,,,https://pfebooks.com/catalogue/2025/bk-food/,2026-10-01,a_contacter,enrichissement=no_website
MPBS,,,,,,,,https://pfebooks.com/catalogue/2025/mpbs/,2026-10-01,a_contacter,enrichissement=no_website
PUNICA SKILLS CENTER,,,,,,,,https://pfebooks.com/catalogue/2025/punica-skills-center/,2026-10-01,a_contacter,enrichissement=no_website
AuroraIQ,,,,,,,,https://pfebooks.com/catalogue/2025/auroraiq/,2026-10-01,a_contacter,enrichissement=no_website
Deloitte,,,,,,,,https://pfebooks.com/catalogue/2025/deloitte/,2026-10-01,a_contacter,enrichissement=no_website
ETC,,,,,,,,https://pfebooks.com/catalogue/2025/etc/,2026-10-01,a_contacter,enrichissement=no_website
K&K,,,,,,,,https://pfebooks.com/catalogue/2025/kk/,2026-10-01,a_contacter,enrichissement=no_website
PGS,,,,,,,,https://pfebooks.com/catalogue/2025/pgs/,2026-10-01,a_contacter,enrichissement=no_website
htcom,,,,,,,,https://pfebooks.com/catalogue/2025/htcom/,2026-10-01,a_contacter,enrichissement=no_website
Brand Your Business,,,,,,,,https://pfebooks.com/catalogue/2025/brand-your-business/,2026-10-01,a_contacter,enrichissement=no_website
Duality,,,,,,,,https://pfebooks.com/catalogue/2025/duality/,2026-10-01,a_contacter,enrichissement=no_website
Vayetek,,,,,,,,https://pfebooks.com/catalogue/2025/vayetek/,2026-10-01,a_contacter,enrichissement=no_website
IAT,,,,,,,,https://pfebooks.com/catalogue/2025/iat/,2026-10-01,a_contacter,enrichissement=no_website
Docic,,,,,,,,https://pfebooks.com/catalogue/2025/docic/,2026-10-01,a_contacter,enrichissement=no_website
SBI,,,,,,,,https://pfebooks.com/catalogue/2025/sbi/,2026-10-01,a_contacter,enrichissement=no_website
AMAZEDIT,,,,,,,,https://pfebooks.com/catalogue/2025/amazedit/,2026-10-01,a_contacter,enrichissement=no_website
ALLCARTA,,,,,,,,https://pfebooks.com/catalogue/2025/allcarta/,2026-10-01,a_contacter,enrichissement=no_website
Cloudiasys,,,,,,,,https://pfebooks.com/catalogue/2025/cloudiasys/,2026-10-01,a_contacter,enrichissement=no_website
MEGA PIXEL,,,,,,,,https://pfebooks.com/catalogue/2025/mega-pixel/,2026-10-01,a_contacter,enrichissement=no_website
SUNEVIT,,,,,,,,https://pfebooks.com/catalogue/2025/sunevit/,2026-10-01,a_contacter,enrichissement=no_website
Eolia,,,,,,,,https://pfebooks.com/catalogue/2025/eolia/,2026-10-01,a_contacter,enrichissement=no_website
NeuralBey,,,,,,,,https://pfebooks.com/catalogue/2025/neuralbey/,2026-10-01,a_contacter,enrichissement=no_website
TAC-TIC,,,,,,,,https://pfebooks.com/catalogue/2025/tac-tic/,2026-10-01,a_contacter,enrichissement=no_website
SummitRise,,,,,,,,https://pfebooks.com/catalogue/2025/summitrise/,2026-10-01,a_contacter,enrichissement=no_website
INOVARIA TECH,,,,,,,,https://pfebooks.com/catalogue/2025/inovaria-tech/,2026-10-01,a_contacter,enrichissement=no_website
Numeryx,,,,,,,,https://pfebooks.com/catalogue/2025/numeryx/,2026-10-01,a_contacter,enrichissement=no_website
Bellamine Industries & MoDiTeC,,,,,,,,https://pfebooks.com/catalogue/2025/bellamine-industries-moditec/,2026-10-01,a_contacter,enrichissement=no_website
ZITOUNA TAKAFUL,,,,,,,,https://pfebooks.com/catalogue/2025/zitouna-takaful/,2026-10-01,a_contacter,enrichissement=no_website
INSOMEA,,,,,,,,https://pfebooks.com/catalogue/2025/insomea/,2026-10-01,a_contacter,enrichissement=no_website
Full Remote Factory,,,,,,,,https://pfebooks.com/catalogue/2025/full-remote-factory/,2026-10-01,a_contacter,enrichissement=no_website
Shape Your Future,,,,,,,,https://pfebooks.com/catalogue/2025/shape-your-future/,2026-10-01,a_contacter,enrichissement=no_website
ProVerdy,,,,,,,,https://pfebooks.com/catalogue/2025/proverdy/,2026-10-01,a_contacter,enrichissement=no_website
Satisfy Insighr,,,,,,,,https://pfebooks.com/catalogue/2025/satisfy-insighr/,2026-10-01,a_contacter,enrichissement=no_website
Siryos,,,,,,,,https://pfebooks.com/catalogue/2025/siryos/,2026-10-01,a_contacter,enrichissement=no_website
TUNAV-IT,,,,,,,,https://pfebooks.com/catalogue/2025/tunav-it/,2026-10-01,a_contacter,enrichissement=no_website
EdTrust,,,,,,,,https://pfebooks.com/catalogue/2025/edtrust/,2026-10-01,a_contacter,enrichissement=no_website
ContinuousNet,,,,,,,,https://pfebooks.com/catalogue/2025/continuousnet/,2026-10-01,a_contacter,enrichissement=no_website
Wellness Hub,,,,,,,,https://pfebooks.com/catalogue/2025/wellness-hub/,2026-10-01,a_contacter,enrichissement=no_website
Smartovate,,,,,,,,https://pfebooks.com/catalogue/2025/smartovate/,2026-10-01,a_contacter,enrichissement=no_website
Connect Content,,,,,,,,https://pfebooks.com/catalogue/2025/connect-content/,2026-10-01,a_contacter,enrichissement=no_website
PLM Ressources,,,,,,,,https://pfebooks.com/catalogue/2025/plm-ressources/,2026-10-01,a_contacter,enrichissement=no_website
Mashroom,,,,,,,,https://pfebooks.com/catalogue/2025/mashroom/,2026-10-01,a_contacter,enrichissement=no_website
Export360,,,,,,,,https://pfebooks.com/catalogue/2025/export360/,2026-10-01,a_contacter,enrichissement=no_website
Qualifort Solutions,,,,,,,,https://pfebooks.com/catalogue/2025/qualifort-solutions/,2026-10-01,a_contacter,enrichissement=no_website
DrugIT,,,,,,,,https://pfebooks.com/catalogue/2025/drugit/,2026-10-01,a_contacter,enrichissement=no_website
JobbyDone,,,,,,,,https://pfebooks.com/catalogue/2025/jobbydone/,2026-10-01,a_contacter,enrichissement=no_website
NovaHann,,,,,,,,https://pfebooks.com/catalogue/2025/novahann/,2026-10-01,a_contacter,enrichissement=no_website
Rendoo AI,,,,,,,,https://pfebooks.com/catalogue/2025/rendoo-ai/,2026-10-01,a_contacter,enrichissement=no_website
DoorKnock PRO,,,,,,,,https://pfebooks.com/catalogue/2025/doorknock-pro/,2026-10-01,a_contacter,enrichissement=no_website
SEMA,,,,,,,,https://pfebooks.com/catalogue/2025/sema/,2026-10-01,a_contacter,enrichissement=no_website
LinSoft,,,,,,,,https://pfebooks.com/catalogue/2025/linsoft/,2026-10-01,a_contacter,enrichissement=no_website
BI4YOU,,,,,,,,https://pfebooks.com/catalogue/2025/bi4you/,2026-10-01,a_contacter,enrichissement=no_website
Digital Power,,,,,,,,https://pfebooks.com/catalogue/2025/digital-power/,2026-10-01,a_contacter,enrichissement=no_website
Hirecue,,,,,,,,https://pfebooks.com/catalogue/2025/hirecue/,2026-10-01,a_contacter,enrichissement=no_website
ReDX,,,,,,,,https://pfebooks.com/catalogue/2025/redx-2/,2026-10-01,a_contacter,enrichissement=no_website
BNS ENGINNERING,,,,,,,,https://pfebooks.com/catalogue/2025/bns-enginnering/,2026-10-01,a_contacter,enrichissement=no_website
Huber+Suhner,,,,,,,,https://pfebooks.com/catalogue/2025/hubersuhner/,2026-10-01,a_contacter,enrichissement=no_website
IGTS,,,,,,,,https://pfebooks.com/catalogue/2025/igts/,2026-10-01,a_contacter,enrichissement=no_website
AFIN,,,,,,,,https://pfebooks.com/catalogue/2025/afin/,2026-10-01,a_contacter,enrichissement=no_website
ExypnoTech,,,,,,,,https://pfebooks.com/catalogue/2025/exypnotech/,2026-10-01,a_contacter,enrichissement=no_website
Krenova Consulting,,,,,,,,https://pfebooks.com/catalogue/2025/krenova-consulting/,2026-10-01,a_contacter,enrichissement=no_website
EITA Innov,,,,,,,,https://pfebooks.com/catalogue/2025/eita-innov/,2026-10-01,a_contacter,enrichissement=no_website
VisShop,,,,,,,,https://pfebooks.com/catalogue/2025/visshop/,2026-10-01,a_contacter,enrichissement=no_website
Flexee Pay,,,,,,,,https://pfebooks.com/catalogue/2025/flexee-pay/,2026-10-01,a_contacter,enrichissement=no_website
Defendr,,,,,,,,https://pfebooks.com/catalogue/2025/defendr/,2026-10-01,a_contacter,enrichissement=no_website
QCMed,,,,,,,,https://pfebooks.com/catalogue/2025/qcmed/,2026-10-01,a_contacter,enrichissement=no_website
IT Peak,,,,,,,,https://pfebooks.com/catalogue/2025/it-peak/,2026-10-01,a_contacter,enrichissement=no_website
IT Empire,,,,,,,,https://pfebooks.com/catalogue/2025/it-empire/,2026-10-01,a_contacter,enrichissement=no_website
La Bourse de Tunis,,,,,,,,https://pfebooks.com/catalogue/2025/la-bourse-de-tunis/,2026-10-01,a_contacter,enrichissement=no_website
TRIMAKUS,,,,,,,,https://pfebooks.com/catalogue/2025/trimakus/,2026-10-01,a_contacter,enrichissement=no_website
TunUp,,,,,,,,https://pfebooks.com/catalogue/2025/tunup/,2026-10-01,a_contacter,enrichissement=no_website
CEREBRO Solution,,,,,,,,https://pfebooks.com/catalogue/2025/cerebro-solution/,2026-10-01,a_contacter,enrichissement=no_website
COMAR,,,,,,,,https://pfebooks.com/catalogue/2025/comar/,2026-10-01,a_contacter,enrichissement=no_website
SOCOFAM Machinery,,,,,,,,https://pfebooks.com/catalogue/2025/socofam-machinery/,2026-10-01,a_contacter,enrichissement=no_website
Clubedge,,,,,,,,https://pfebooks.com/catalogue/2025/clubedge/,2026-10-01,a_contacter,enrichissement=no_website
Ulysse,,,,,,,,https://pfebooks.com/catalogue/2025/ulysse/,2026-10-01,a_contacter,enrichissement=no_website
CODE ONCE,,,,,,,,https://pfebooks.com/catalogue/2025/code-once/,2026-10-01,a_contacter,enrichissement=no_website
SupplyzPro,,,,,,,,https://pfebooks.com/catalogue/2025/supplyzpro/,2026-10-01,a_contacter,enrichissement=no_website
GPRO Consulting,,,,,,,,https://pfebooks.com/catalogue/2025/gpro-consulting/,2026-10-01,a_contacter,enrichissement=no_website
Gérance Informatique,,,,,,,,https://pfebooks.com/catalogue/2025/gerance-informatique/,2026-10-01,a_contacter,enrichissement=no_website
Pixii Motors,,,,,,,,https://pfebooks.com/catalogue/2025/pixii-motors/,2026-10-01,a_contacter,enrichissement=no_website
ASQII,,,,,,,,https://pfebooks.com/catalogue/2025/asqii/,2026-10-01,a_contacter,enrichissement=no_website
Scheidt & Bachmann,,,,,,,,https://pfebooks.com/catalogue/2025/scheidt-bachmann/,2026-10-01,a_contacter,enrichissement=no_website
SIV Games,,,,,,,,https://pfebooks.com/catalogue/2025/siv-games/,2026-10-01,a_contacter,enrichissement=no_website
Calgra Group,,,,,,,,https://pfebooks.com/catalogue/2025/calgra-group/,2026-10-01,a_contacter,enrichissement=no_website
Riverbyte Software,,,,,,,,https://pfebooks.com/catalogue/2025/riverbyte-software/,2026-10-01,a_contacter,enrichissement=no_website
HeadsApp,,,,,,,,https://pfebooks.com/catalogue/2025/headsapp/,2026-10-01,a_contacter,enrichissement=no_website
Data2innov,,,,,,,,https://pfebooks.com/catalogue/2025/data2innov/,2026-10-01,a_contacter,enrichissement=no_website
AZUREX,,,,,,,,https://pfebooks.com/catalogue/2025/azurex/,2026-10-01,a_contacter,enrichissement=no_website
IT GROW,,,,,,,,https://pfebooks.com/catalogue/2025/it-grow/,2026-10-01,a_contacter,enrichissement=no_website
DataDoIt,,,,,,,,https://pfebooks.com/catalogue/2025/datadoit/,2026-10-01,a_contacter,enrichissement=no_website
4InA Technologie,,,,,,,,https://pfebooks.com/catalogue/2025/4ina-technologie/,2026-10-01,a_contacter,enrichissement=no_website
STMicroelectronics,,,,,,,,https://pfebooks.com/catalogue/2025/stmicroelectronics/,2026-10-01,a_contacter,enrichissement=no_website
Hadooc,,,,,,,,https://pfebooks.com/catalogue/2025/hadooc/,2026-10-01,a_contacter,enrichissement=no_website
Toray,,,,,,,,https://pfebooks.com/catalogue/2025/toray/,2026-10-01,a_contacter,enrichissement=no_website
Arisaka,,,,,,,,https://pfebooks.com/catalogue/2025/arisaka/,2026-10-01,a_contacter,enrichissement=no_website
Solid Wall Consulting,,,,,,,,https://pfebooks.com/catalogue/2025/solid-wall-consulting/,2026-10-01,a_contacter,enrichissement=no_website
Trustdev,,,,,,,,https://pfebooks.com/catalogue/2025/trustdev/,2026-10-01,a_contacter,enrichissement=no_website
Aymax,,,,,,,,https://pfebooks.com/catalogue/2025/aymax/,2026-10-01,a_contacter,enrichissement=no_website
Sagemcom Ezzahra,,,,,,,,https://pfebooks.com/catalogue/2025/sagemcom-ezzahra/,2026-10-01,a_contacter,enrichissement=no_website
Sagemcom Ben Arous,,,,,,,,https://pfebooks.com/catalogue/2025/sagemcom-ben-arous/,2026-10-01,a_contacter,enrichissement=no_website
SFBT,,,,,,,,https://pfebooks.com/catalogue/2025/sfbt/,2026-10-01,a_contacter,enrichissement=no_website
Novyra Software,,,,,,,,https://pfebooks.com/catalogue/2025/novyra-software/,2026-10-01,a_contacter,enrichissement=no_website
Anypli,,,,,,,,https://pfebooks.com/catalogue/2025/anypli/,2026-10-01,a_contacter,enrichissement=no_website
MVPNest,,,,,,,,https://pfebooks.com/catalogue/2025/mvpnest/,2026-10-01,a_contacter,enrichissement=no_website
Photocarb,,,,,,,,https://pfebooks.com/catalogue/2025/photocarb/,2026-10-01,a_contacter,enrichissement=no_website
Graines d’entrepreneurs,,,,,,,,https://pfebooks.com/catalogue/2025/graines-dentrepreneurs/,2026-10-01,a_contacter,enrichissement=no_website
KPMG 2,,,,,,,,https://pfebooks.com/catalogue/2025/kpmg-2/,2026-10-01,a_contacter,enrichissement=no_website
PwC,,,,,,,,https://pfebooks.com/catalogue/2025/pwc/,2026-10-01,a_contacter,enrichissement=no_website
Consultim-IT,,,,,,,,https://pfebooks.com/catalogue/2025/consultim-it/,2026-10-01,a_contacter,enrichissement=no_website
Key Software,,,,,,,,https://pfebooks.com/catalogue/2025/key-software/,2026-10-01,a_contacter,enrichissement=no_website
TestoHire,,,,,,,,https://pfebooks.com/catalogue/2025/testohire/,2026-10-01,a_contacter,enrichissement=no_website
Systeo Digital,,,,,,,,https://pfebooks.com/catalogue/2025/systeo-digital/,2026-10-01,a_contacter,enrichissement=no_website
Ooredoo,,,,,,,,https://pfebooks.com/catalogue/2025/ooredoo/,2026-10-01,a_contacter,enrichissement=no_website
Coworky,,,,,,,,https://pfebooks.com/catalogue/2025/coworky/,2026-10-01,a_contacter,enrichissement=no_website
Audasoft Technology,,,,,,,,https://pfebooks.com/catalogue/2025/audasoft-technology/,2026-10-01,a_contacter,enrichissement=no_website
ITXTree,,,,,,,,https://pfebooks.com/catalogue/2025/itxtree/,2026-10-01,a_contacter,enrichissement=no_website
Pencils Consulting,,,,,,,,https://pfebooks.com/catalogue/2025/pencils-consulting/,2026-10-01,a_contacter,enrichissement=no_website
IGA,,,,,,,,https://pfebooks.com/catalogue/2025/iga/,2026-10-01,a_contacter,enrichissement=no_website
KoneKtUS,,,,,,,,https://pfebooks.com/catalogue/2025/konektus/,2026-10-01,a_contacter,enrichissement=no_website
AionTime,,,,,,,,https://pfebooks.com/catalogue/2025/aiontime/,2026-10-01,a_contacter,enrichissement=no_website
SpeakDuo,,,,,,,,https://pfebooks.com/catalogue/2025/speakduo/,2026-10-01,a_contacter,enrichissement=no_website
Pearls,,,,,,,,https://pfebooks.com/catalogue/2025/pearls/,2026-10-01,a_contacter,enrichissement=no_website
TESCA,,,,,,,,https://pfebooks.com/catalogue/2025/tesca/,2026-10-01,a_contacter,enrichissement=no_website
Attijari Bank,,,,,,,,https://pfebooks.com/catalogue/2025/attijari-bank/,2026-10-01,a_contacter,enrichissement=no_website
IronHex,,,,,,,,https://pfebooks.com/catalogue/2025/ironhex/,2026-10-01,a_contacter,enrichissement=no_website
Horizon,,,,,,,,https://pfebooks.com/catalogue/2025/horizon/,2026-10-01,a_contacter,enrichissement=no_website
La Rose Blanche Groupe,,,,,,,,https://pfebooks.com/catalogue/2025/la-rose-blanche-groupe/,2026-10-01,a_contacter,enrichissement=no_website
Agence Cafee,,,,,,,,https://pfebooks.com/catalogue/2025/agence-cafee/,2026-10-01,a_contacter,enrichissement=no_website
EXCELLIA Solutions,,,,,,,,https://pfebooks.com/catalogue/2025/excellia-solutions/,2026-10-01,a_contacter,enrichissement=no_website
FAYAT ÉNERGIE SERVICES,,,,,,,,https://pfebooks.com/catalogue/2025/fayat-energie-services/,2026-10-01,a_contacter,enrichissement=no_website
Axia solutions,,,,,,,,https://pfebooks.com/catalogue/2025/axia-solutions/,2026-10-01,a_contacter,enrichissement=no_website
Alight MEA,,,,,,,,https://pfebooks.com/catalogue/2025/alight-mea/,2026-10-01,a_contacter,enrichissement=no_website
X-TERN,,,,,,,,https://pfebooks.com/catalogue/2025/x-tern/,2026-10-01,a_contacter,enrichissement=no_website
GeoChic,,,,,,,,https://pfebooks.com/catalogue/2025/geochic/,2026-10-01,a_contacter,enrichissement=no_website
HUTCHINSON,,,,,,,,https://pfebooks.com/catalogue/2025/hutchinson/,2026-10-01,a_contacter,enrichissement=no_website
Save Your Wardrobe,,,,,,,,https://pfebooks.com/catalogue/2025/save-your-wardrobe/,2026-10-01,a_contacter,enrichissement=no_website
Lanterns Studios,,,,,,,,https://pfebooks.com/catalogue/2025/lanterns-studios/,2026-10-01,a_contacter,enrichissement=no_website
La pratique électronique,,,,,,,,https://pfebooks.com/catalogue/2025/la-pratique-electronique/,2026-10-01,a_contacter,enrichissement=no_website
Ampere Software Technology,,,,,,,,https://pfebooks.com/catalogue/2025/ampere-software-technology/,2026-10-01,a_contacter,enrichissement=no_website
ITANIS,,,,,,,,https://pfebooks.com/catalogue/2025/itanis/,2026-10-01,a_contacter,enrichissement=no_website
WEVIOO – ADACTIM,,,,,,,,https://pfebooks.com/catalogue/2025/wevioo/,2026-10-01,a_contacter,enrichissement=no_website
Dynamis Solution,,,,,,,,https://pfebooks.com/catalogue/2025/dynamis-solution/,2026-10-01,a_contacter,enrichissement=no_website
OliveSoft,,,,,,,,https://pfebooks.com/catalogue/2025/olivesoft/,2026-10-01,a_contacter,enrichissement=no_website
Drone Discovery,,,,,,,,https://pfebooks.com/catalogue/2025/drone-discovery/,2026-10-01,a_contacter,enrichissement=no_website
ACTIA,,,,,,,,https://pfebooks.com/catalogue/2025/actia/,2026-10-01,a_contacter,enrichissement=no_website
OUIMIND,,,,,,,,https://pfebooks.com/catalogue/2025/ouimind/,2026-10-01,a_contacter,enrichissement=no_website
ProdTeam,,,,,,,,https://pfebooks.com/catalogue/2025/prodteam/,2026-10-01,a_contacter,enrichissement=no_website
SparkEdge Solutions,,,,,,,,https://pfebooks.com/catalogue/2025/sparkedge-solutions/,2026-10-01,a_contacter,enrichissement=no_website
21C’Digital,,,,,,,,https://pfebooks.com/catalogue/2025/21cdigital/,2026-10-01,a_contacter,enrichissement=no_website
Société Générale – ATS,,,,,,,,https://pfebooks.com/catalogue/2025/societe-generale-ats/,2026-10-01,a_contacter,enrichissement=no_website
BTL – Born To Lead,,,,,,,,https://pfebooks.com/catalogue/2025/btl-born-to-lead/,2026-10-01,a_contacter,enrichissement=no_website
XLAiner,,,,,,,,https://pfebooks.com/catalogue/2025/xlainer/,2026-10-01,a_contacter,enrichissement=no_website
Cynapcom,,,,,,,,https://pfebooks.com/catalogue/2025/cynapcom/,2026-10-01,a_contacter,enrichissement=no_website
SE Engineering,,,,,,,,https://pfebooks.com/catalogue/2025/se-engineering/,2026-10-01,a_contacter,enrichissement=no_website
DotJcoM (Part2),,,,,,,,https://pfebooks.com/catalogue/2025/dotjcom-2/,2026-10-01,a_contacter,enrichissement=no_website
Alliance Software,,,,,,,,https://pfebooks.com/catalogue/2025/alliance-software/,2026-10-01,a_contacter,enrichissement=no_website
Nexans Autoelectric,,,,,,,,https://pfebooks.com/catalogue/2025/nexans-autoelectric/,2026-10-01,a_contacter,enrichissement=no_website
Ox4labs,,,,,,,,https://pfebooks.com/catalogue/2025/ox4labs/,2026-10-01,a_contacter,enrichissement=no_website
MagnusData,,,,,,,,https://pfebooks.com/catalogue/2025/magnusdata/,2026-10-01,a_contacter,enrichissement=no_website
Pursuit Aerospace,,,,,,,,https://pfebooks.com/catalogue/2025/pursuit-aerospace/,2026-10-01,a_contacter,enrichissement=no_website
TALYS,,,,,,,,https://pfebooks.com/catalogue/2025/talys/,2026-10-01,a_contacter,enrichissement=no_website
Enova ROBOTICS,,,,,,,,https://pfebooks.com/catalogue/2025/enova-robotics/,2026-10-01,a_contacter,enrichissement=no_website
ELACO Digitech,,,,,,,,https://pfebooks.com/catalogue/2025/elaco-digitech/,2026-10-01,a_contacter,enrichissement=no_website
CHITELIX,,,,,,,,https://pfebooks.com/catalogue/2025/chitelix/,2026-10-01,a_contacter,enrichissement=no_website
Yaluna Media,,,,,,,,https://pfebooks.com/catalogue/2025/yaluna-media/,2026-10-01,a_contacter,enrichissement=no_website
Matine Consulting,,,,,,,,https://pfebooks.com/catalogue/2025/matine-consulting/,2026-10-01,a_contacter,enrichissement=no_website
Medis,,,,,,,,https://pfebooks.com/catalogue/2025/medis/,2026-10-01,a_contacter,enrichissement=no_website
IOVISION,,,,,,,,https://pfebooks.com/catalogue/2025/iovision/,2026-10-01,a_contacter,enrichissement=no_website
STTP,,,,,,,,https://pfebooks.com/catalogue/2025/sttp/,2026-10-01,a_contacter,enrichissement=no_website
Habemus!,,,,,,,,https://pfebooks.com/catalogue/2025/habemus/,2026-10-01,a_contacter,enrichissement=no_website
TrinovaTech,,,,,,,,https://pfebooks.com/catalogue/2025/trinovatech/,2026-10-01,a_contacter,enrichissement=no_website
Scalyz,,,,,,,,https://pfebooks.com/catalogue/2025/scalyz/,2026-10-01,a_contacter,enrichissement=no_website
Sogea Environnement,,,,,,,,https://pfebooks.com/catalogue/2025/sogea-environnement-2/,2026-10-01,a_contacter,enrichissement=no_website
MEDIWAVE,,,,,,,,https://pfebooks.com/catalogue/2025/mediwave/,2026-10-01,a_contacter,enrichissement=no_website
Readdly,,,,,,,,https://pfebooks.com/catalogue/2025/readdly/,2026-10-01,a_contacter,enrichissement=no_website
Rosenberger,,,,,,,,https://pfebooks.com/catalogue/2025/rosenberger/,2026-10-01,a_contacter,enrichissement=no_website
Zenith Technology,,,,,,,,https://pfebooks.com/catalogue/2025/zenith-technology/,2026-10-01,a_contacter,enrichissement=no_website
Dar Blockchain,,,,,,,,https://pfebooks.com/catalogue/2025/dar-blockchain/,2026-10-01,a_contacter,enrichissement=no_website
Tanit,,,,,,,,https://pfebooks.com/catalogue/2025/tanit/,2026-10-01,a_contacter,enrichissement=no_website
Uvey,,,,,,,,https://pfebooks.com/catalogue/2025/uvey/,2026-10-01,a_contacter,enrichissement=no_website
SoluMove,,,,,,,,https://pfebooks.com/catalogue/2025/solumove/,2026-10-01,a_contacter,enrichissement=no_website
CED,,,,,,,,https://pfebooks.com/catalogue/2025/ced/,2026-10-01,a_contacter,enrichissement=no_website
A cube I,,,,,,,,https://pfebooks.com/catalogue/2025/a-cube-i/,2026-10-01,a_contacter,enrichissement=no_website
SmartLab,,,,,,,,https://pfebooks.com/catalogue/2025/smartlab/,2026-10-01,a_contacter,enrichissement=no_website
EUROVIA,,,,,,,,https://pfebooks.com/catalogue/2025/eurovia/,2026-10-01,a_contacter,enrichissement=no_website
OneTech,,,,,,,,https://pfebooks.com/catalogue/2025/onetech/,2026-10-01,a_contacter,enrichissement=no_website
WiseVision,,,,,,,,https://pfebooks.com/catalogue/2025/wisevision-ai-technologies/,2026-10-01,a_contacter,enrichissement=no_website
Cotherm,,,,,,,,https://pfebooks.com/catalogue/2025/cotherm/,2026-10-01,a_contacter,enrichissement=no_website
RHIS Software,,,,,,,,https://pfebooks.com/catalogue/2025/rhis-software/,2026-10-01,a_contacter,enrichissement=no_website
Persista Technology,,,,,,,,https://pfebooks.com/catalogue/2025/persista-technology/,2026-10-01,a_contacter,enrichissement=no_website
MOMsoft,,,,,,,,https://pfebooks.com/catalogue/2025/momsoft/,2026-10-01,a_contacter,enrichissement=no_website
Finlogik,,,,,,,,https://pfebooks.com/catalogue/2025/finlogik/,2026-10-01,a_contacter,enrichissement=no_website
DeepVolt,,,,,,,,https://pfebooks.com/catalogue/2025/deepvolt/,2026-10-01,a_contacter,enrichissement=no_website
Maker Skills,,,,,,,,https://pfebooks.com/catalogue/2025/maker-skills/,2026-10-01,a_contacter,enrichissement=no_website
AVANTAGES SOFT,,,,,,,,https://pfebooks.com/catalogue/2025/avantages-soft/,2026-10-01,a_contacter,enrichissement=no_website
Mobelite,,,,,,,,https://pfebooks.com/catalogue/2025/mobelite/,2026-10-01,a_contacter,enrichissement=no_website
ADS,,,,,,,,https://pfebooks.com/catalogue/2025/ads/,2026-10-01,a_contacter,enrichissement=no_website
TPLUS Innovation,,,,,,,,https://pfebooks.com/catalogue/2025/tplus-innovation/,2026-10-01,a_contacter,enrichissement=no_website
Hydatis,,,,,,,,https://pfebooks.com/catalogue/2025/hydatis/,2026-10-01,a_contacter,enrichissement=no_website
Yuma,,,,,,,,https://pfebooks.com/catalogue/2025/yuma/,2026-10-01,a_contacter,enrichissement=no_website
Telnet,,,,,,,,https://pfebooks.com/catalogue/2025/telnet/,2026-10-01,a_contacter,enrichissement=no_website
Cognira,,,,,,,,https://pfebooks.com/catalogue/2025/cognira/,2026-10-01,a_contacter,enrichissement=no_website
Guepard,,,,,,,,https://pfebooks.com/catalogue/2025/guepard/,2026-10-01,a_contacter,enrichissement=no_website
Olindias,,,,,,,,https://pfebooks.com/catalogue/2025/olindias/,2026-10-01,a_contacter,enrichissement=no_website
Docaposte,,,,,,,,https://pfebooks.com/catalogue/2025/docaposte/,2026-10-01,a_contacter,enrichissement=no_website
Tunisie Telecom,,,,,,,,https://pfebooks.com/catalogue/2025/tunisie-telecom/,2026-10-01,a_contacter,enrichissement=no_website
One Tech Business Solutions,,,,,,,,https://pfebooks.com/catalogue/2025/one-tech-business-solutions/,2026-10-01,a_contacter,enrichissement=no_website
Groupe SFM,,,,,,,,https://pfebooks.com/catalogue/2025/groupe-sfm/,2026-10-01,a_contacter,enrichissement=no_website
Code Reason,,,,,,,,https://pfebooks.com/catalogue/2025/code-reason/,2026-10-01,a_contacter,enrichissement=no_website
Caveo,,,,,,,,https://pfebooks.com/catalogue/2025/caveo/,2026-10-01,a_contacter,enrichissement=no_website
3S Spring,,,,,,,,https://pfebooks.com/catalogue/2025/3s-spring/,2026-10-01,a_contacter,enrichissement=no_website
WICMIC,,,,,,,,https://pfebooks.com/catalogue/2025/wicmic/,2026-10-01,a_contacter,enrichissement=no_website
BLUESEC,,,,,,,,https://pfebooks.com/catalogue/2025/bluesec/,2026-10-01,a_contacter,enrichissement=no_website
SMART CONSEIL,,,,,,,,https://pfebooks.com/catalogue/2025/smart-conseil-2/,2026-10-01,a_contacter,enrichissement=no_website
Security Accent GmbH,,,,,,,,https://pfebooks.com/catalogue/2025/security-accent-gmbh/,2026-10-01,a_contacter,enrichissement=no_website
Bako Motors,,,,,,,,https://pfebooks.com/catalogue/2025/bako-motors/,2026-10-01,a_contacter,enrichissement=no_website
Safran,,,,,,,,https://pfebooks.com/catalogue/2025/safran/,2026-10-01,a_contacter,enrichissement=no_website
SOPAL,,,,,,,,https://pfebooks.com/catalogue/2025/sopal/,2026-10-01,a_contacter,enrichissement=no_website
GTI INFO,,,,,,,,https://pfebooks.com/catalogue/2025/gti-info/,2026-10-01,a_contacter,enrichissement=no_website
Sogea Environnement,,,,,,,,https://pfebooks.com/catalogue/2025/sogea-environnement/,2026-10-01,a_contacter,enrichissement=no_website
NeoXam,,,,,,,,https://pfebooks.com/catalogue/2025/neoxam/,2026-10-01,a_contacter,enrichissement=no_website
Proxym,,,,,,,,https://pfebooks.com/catalogue/2025/proxym/,2026-10-01,a_contacter,enrichissement=no_website
Integration Objects,,,,,,,,https://pfebooks.com/catalogue/2025/integration-objects/,2026-10-01,a_contacter,enrichissement=no_website
Inetum,,,,,,,,https://pfebooks.com/catalogue/2025/inetum/,2026-10-01,a_contacter,enrichissement=no_website
Oddo BHF,,,,,,,,https://pfebooks.com/catalogue/2025/oddo-bhf/,2026-10-01,a_contacter,enrichissement=no_website
CAFPI,,,,,,,,https://pfebooks.com/catalogue/2025/cafpi/,2026-10-01,a_contacter,enrichissement=no_website
MEDIANET,,,,,,,,https://pfebooks.com/catalogue/2025/medianet/,2026-10-01,a_contacter,enrichissement=no_website
Orange,,,,,,,,https://pfebooks.com/catalogue/2025/orange/,2026-10-01,a_contacter,enrichissement=no_website
Amaris Consulting,,,,,,,,https://pfebooks.com/catalogue/2025/amaris-consulting/,2026-10-01,a_contacter,enrichissement=no_website
DEVWISE,,,,,,,,https://pfebooks.com/catalogue/2025/devwise/,2026-10-01,a_contacter,enrichissement=no_website
Eddium,,,,,,,,https://pfebooks.com/catalogue/2025/eddium/,2026-10-01,a_contacter,enrichissement=no_website
Tynass IT,,,,,,,,https://pfebooks.com/catalogue/2025/tynass-it/,2026-10-01,a_contacter,enrichissement=no_website
BINIT-NS,,,,,,,,https://pfebooks.com/catalogue/2025/binit-ns/,2026-10-01,a_contacter,enrichissement=no_website
NEXUS GROUPE,,,,,,,,https://pfebooks.com/catalogue/2025/nexus-groupe/,2026-10-01,a_contacter,enrichissement=no_website
RedX,,,,,,,,https://pfebooks.com/catalogue/2025/redx/,2026-10-01,a_contacter,enrichissement=no_website
BePrimeTech,,,,,,,,https://pfebooks.com/catalogue/2025/beprimetech/,2026-10-01,a_contacter,enrichissement=no_website
Softy Skills,,,,,,,,https://pfebooks.com/catalogue/2025/softy-skills/,2026-10-01,a_contacter,enrichissement=no_website
SMOFT,,,,,,,,https://pfebooks.com/catalogue/2025/smoft/,2026-10-01,a_contacter,enrichissement=no_website
Clarrio,,,,,,,,https://pfebooks.com/catalogue/2025/clarrio/,2026-10-01,a_contacter,enrichissement=no_website
FlexiTek,,,,,,,,https://pfebooks.com/catalogue/2025/flexitek/,2026-10-01,a_contacter,enrichissement=no_website
VAERDIA,,,,,,,,https://pfebooks.com/catalogue/2025/vaerdia/,2026-10-01,a_contacter,enrichissement=no_website
Spark-it,,,,,,,,https://pfebooks.com/catalogue/2025/spark-it/,2026-10-01,a_contacter,enrichissement=no_website
Stark Solutions,,,,,,,,https://pfebooks.com/catalogue/2025/stark-solutions/,2026-10-01,a_contacter,enrichissement=no_website
Relead,,,,,,,,https://pfebooks.com/catalogue/2025/relead/,2026-10-01,a_contacter,enrichissement=no_website
EY,,,,,,,,https://pfebooks.com/catalogue/2025/ey/,2026-10-01,a_contacter,enrichissement=no_website
Sofrecom,,,,,,,,https://pfebooks.com/catalogue/2025/sofrecom/,2026-10-01,a_contacter,enrichissement=no_website
Capgemini,,,,,,,,https://pfebooks.com/catalogue/2025/capgemini/,2026-10-01,a_contacter,enrichissement=no_website
TPEG,,,,,,,,https://pfebooks.com/catalogue/2025/tpeg/,2026-10-01,a_contacter,enrichissement=no_website
Value (2),,,,,,,,https://pfebooks.com/catalogue/2025/value-2/,2026-10-01,a_contacter,enrichissement=no_website
Axe Finance,,,,,,,,https://pfebooks.com/catalogue/2025/axe-finance/,2026-10-01,a_contacter,enrichissement=no_website
Healio,,,,,,,,https://pfebooks.com/catalogue/2025/healio/,2026-10-01,a_contacter,enrichissement=no_website
Tuniform,,,,,,,,https://pfebooks.com/catalogue/2025/tuniform/,2026-10-01,a_contacter,enrichissement=no_website
DotJcoM,,,,,,,,https://pfebooks.com/catalogue/2025/dotjcom/,2026-10-01,a_contacter,enrichissement=no_website
Asteroidea,,,,,,,,https://pfebooks.com/catalogue/2025/asteroidea/,2026-10-01,a_contacter,enrichissement=no_website
Tech-Expert,,,,,,,,https://pfebooks.com/catalogue/2025/tech-expert/,2026-10-01,a_contacter,enrichissement=no_website
Unilog,,,,,,,,https://pfebooks.com/catalogue/2025/unilog/,2026-10-01,a_contacter,enrichissement=no_website
Smart Conseil,,,,,,,,https://pfebooks.com/catalogue/2025/smart-conseil/,2026-10-01,a_contacter,enrichissement=no_website
E-Tafakna,,,,,,,,https://pfebooks.com/catalogue/2025/e-tafakna/,2026-10-01,a_contacter,enrichissement=no_website
Hanoutik,,,,,,,,https://pfebooks.com/catalogue/2025/hanoutik/,2026-10-01,a_contacter,enrichissement=no_website
Nolyss Digital,,,,,,,,https://pfebooks.com/catalogue/2025/nolyss-digital/,2026-10-01,a_contacter,enrichissement=no_website
YuccaInfo,,,,,,,,https://pfebooks.com/catalogue/2025/yuccainfo/,2026-10-01,a_contacter,enrichissement=no_website
Infotech Consulting Services (ICS),,,,,,,,https://pfebooks.com/catalogue/2025/infotech-consulting-services-ics/,2026-10-01,a_contacter,enrichissement=no_website
OCP Maintenance Solutions,,,,,,,,https://pfebooks.com/catalogue/2025/ocp-maintenance-solutions/,2026-10-01,a_contacter,enrichissement=no_website
VINCI CONSTRUCTION,,,,,,,,https://pfebooks.com/catalogue/2025/vinci-construction/,2026-10-01,a_contacter,enrichissement=no_website
MINOTORE,,,,,,,,https://pfebooks.com/catalogue/2025/minotore/,2026-10-01,a_contacter,enrichissement=no_website
KPMG,,,,,,,,https://pfebooks.com/catalogue/2025/kpmg/,2026-10-01,a_contacter,enrichissement=no_website
ContractzLab,,,,,,,,https://pfebooks.com/catalogue/2025/contractzlab/,2026-10-01,a_contacter,enrichissement=no_website
WayCare,,,,,,,,https://pfebooks.com/catalogue/2025/waycare/,2026-10-01,a_contacter,enrichissement=no_website
SeekMake,,,,,,,,https://pfebooks.com/catalogue/2025/seekmake/,2026-10-01,a_contacter,enrichissement=no_website
Voltwise Solutions,,,,,,,,https://pfebooks.com/catalogue/2025/voltwise-solutions/,2026-10-01,a_contacter,enrichissement=no_website
Tradrly,,,,,,,,https://pfebooks.com/catalogue/2025/tradrly/,2026-10-01,a_contacter,enrichissement=no_website
Appaxis Innovations,,,,,,,,https://pfebooks.com/catalogue/2025/appaxis-innovations/,2026-10-01,a_contacter,enrichissement=no_website
DRÄXLMAIER,,,,,,,,https://pfebooks.com/catalogue/2025/draxlmaier/,2026-10-01,a_contacter,enrichissement=no_website
ATS,,,,,,,,https://pfebooks.com/catalogue/2025/ats/,2026-10-01,a_contacter,enrichissement=no_website
EmyeHr,,,,,,,,https://pfebooks.com/catalogue/2025/emyehr/,2026-10-01,a_contacter,enrichissement=no_website
Value,,,,,,,,https://pfebooks.com/catalogue/2025/value/,2026-10-01,a_contacter,enrichissement=no_website
DNEXT,,,,,,,,https://pfebooks.com/catalogue/2025/dnext/,2026-10-01,a_contacter,enrichissement=no_website
NEXOR ROBOTICS,,,,,,,,https://pfebooks.com/catalogue/2025/nexor-robotics/,2026-10-01,a_contacter,enrichissement=no_website
Qualipro,,,,,,,,https://pfebooks.com/catalogue/2025/qualipro/,2026-10-01,a_contacter,enrichissement=no_website
